,Date,Adj Close,daily_return
0,2019-06-28,56.60962677001953,
1,2019-07-01,59.28146362304688,0.046117615658045376
2,2019-07-02,60.11640930175781,0.013986166901014447
3,2019-07-03,60.19990158081055,0.0013878798617122663
4,2019-07-04,60.45039749145508,0.004152435137027687
5,2019-07-05,61.201847076416016,0.012354217469823554
6,2019-07-08,60.884559631347656,-0.005197763911049489
7,2019-07-09,60.53388214111328,-0.005776362473180007
8,2019-07-10,60.11640930175781,-0.006920406084333813
9,2019-07-11,60.11640930175781,0.0
10,2019-07-12,59.69894027709961,-0.0069685681428126285
11,2019-07-15,59.74068832397461,0.000699065277816579
12,2019-07-16,59.86592102050781,0.0020940772919379037
13,2019-07-17,59.114479064941406,-0.012631524963552724
14,2019-07-18,58.446510314941406,-0.011363904674025717
15,2019-07-19,58.82223510742188,0.006407949139186168
16,2019-07-22,58.61349487304688,-0.003554973503295546
17,2019-07-23,58.02903747558594,-0.010021426610974108
18,2019-07-24,58.02903747558594,0.0
19,2019-07-25,58.02903747558594,0.0
20,2019-07-26,57.19408416748047,-0.014493062004038035
21,2019-07-29,58.02903747558594,0.01449306200403803
22,2019-07-30,57.61155319213867,-0.007220407554224064
23,2019-07-31,57.5280647277832,-0.0014502128892889426
24,2019-08-01,57.6533088684082,0.002174729925090356
25,2019-08-02,57.235836029052734,-0.007267434658859744
26,2019-08-05,56.359134674072266,-0.015435872853188783
27,2019-08-06,55.94165802001953,-0.007435006774003884
28,2019-08-07,55.94165802001953,0.0
29,2019-08-08,56.359134674072266,0.007435006774003818
30,2019-08-09,55.94165802001953,-0.007435006774003884
31,2019-08-12,55.19020462036133,-0.013523841584474255
32,2019-08-13,55.94165802001953,0.013523841584474242
33,2019-08-14,55.77467346191406,-0.0029894408498513216
34,2019-08-15,55.106712341308594,-0.01204835592575842
35,2019-08-16,55.106712341308594,0.0
36,2019-08-19,55.94165802001953,0.015037796775609702
37,2019-08-20,56.359134674072266,0.007435006774003818
38,2019-08-21,56.359134674072266,0.0
39,2019-08-22,56.651363372802734,0.005171720417600279
40,2019-08-23,56.734859466552734,0.0014727734419840769
41,2019-08-27,55.69117736816406,-0.018567088382154612
42,2019-08-28,56.56787490844727,0.015619504108449199
43,2019-08-29,56.56787490844727,0.0
44,2019-08-30,55.94165802001953,-0.011131916359882848
45,2019-09-02,56.651363372802734,0.012606727191604146
46,2019-09-03,55.94165802001953,-0.012606727191604133
47,2019-09-04,55.1484603881836,-0.014280498086818968
48,2019-09-05,54.772727966308594,-0.006836423275120896
49,2019-09-06,52.60185623168945,-0.04044099653248808
50,2019-09-09,50.63972473144531,-0.03801506666864419
51,2019-09-10,48.00963592529297,-0.053334602823980795
52,2019-09-11,46.590213775634766,-0.030011224941425146
53,2019-09-12,46.33972930908203,-0.005390836685165234
54,2019-09-13,45.92226409912109,-0.009049621487337903
55,2019-09-16,46.08924865722656,0.003629648865218013
56,2019-09-17,45.212547302246094,-0.01920506145730409
57,2019-09-18,47.55040740966797,0.050415713483152574
58,2019-09-19,50.01351547241211,0.05050292136801158
59,2019-09-20,49.262054443359375,-0.015139180408925753
60,2019-09-23,44.25235366821289,-0.10724553765895882
61,2019-09-24,44.66983413696289,0.009389862001164853
62,2019-09-25,41.16304016113281,-0.08175765201500255
63,2019-09-26,41.74750518798828,0.01409892326742709
64,2019-09-27,42.164981842041016,0.009950368850881255
65,2019-09-30,42.41546630859375,0.0059230047681288495
66,2019-10-01,40.7121696472168,-0.04098601086855365
67,2019-10-02,40.745567321777344,0.0008200001049536197
68,2019-10-03,42.12323760986328,0.03325249425226029
69,2019-10-04,41.87275314331055,-0.005964218216216988
70,2019-10-07,43.12517547607422,0.02947161192713239
71,2019-10-08,41.613914489746094,-0.03567235008679905
72,2019-10-09,42.54071044921875,0.022026916099640532
73,2019-10-10,44.04361724853516,0.034718933640359696
74,2019-10-11,44.66983413696289,0.014117978275788706
75,2019-10-14,46.5067253112793,0.040298510202790454
76,2019-10-15,46.7572021484375,0.005371368034815969
77,2019-10-16,47.466915130615234,0.015064644269105979
78,2019-10-17,48.92807388305664,0.03031839499245885
79,2019-10-18,48.802833557128906,-0.002562963913146196
80,2019-10-21,48.00963592529297,-0.016386636664454866
81,2019-10-22,47.3416748046875,-0.014010757529402234
82,2019-10-23,45.92226409912109,-0.030440925584526036
83,2019-10-24,46.7572021484375,0.018018244429964567
84,2019-10-25,50.51448440551758,0.07729181454732781
85,2019-10-28,52.26787567138672,0.034121835380941615
86,2019-10-29,52.22612762451172,-0.0007990515776885113
87,2019-10-30,53.60379409790039,0.026036952109337694
88,2019-10-31,53.01933288574219,-0.010963232511880699
89,2019-11-01,54.063018798828125,0.01949376245665959
90,2019-11-04,55.48243713378906,0.025916141707349856
91,2019-11-05,54.73098373413086,-0.013636543325373635
92,2019-11-06,55.39894104003906,0.012130499462876955
93,2019-11-07,55.60768508911133,0.003760933962263695
94,2019-11-08,55.1484603881836,-0.008292584227616999
95,2019-11-11,56.27564239501953,0.020232973505630233
96,2019-11-12,58.863990783691406,0.04496773978279407
97,2019-11-13,58.863990783691406,0.0
98,2019-11-14,58.07913589477539,-0.013423049231791995
99,2019-11-15,59.25640869140625,0.020067445172933462
100,2019-11-18,60.39008712768555,0.018951033334963455
101,2019-11-19,60.17206573486328,-0.003616750784637979
102,2019-11-20,62.13420104980469,0.03208835859537108
103,2019-11-21,60.91332244873047,-0.01984466866735839
104,2019-11-22,61.872589111328125,0.01562534606006057
105,2019-11-25,63.3550910949707,0.023678011827164336
106,2019-11-26,64.18354034423828,0.012991528794253648
107,2019-11-27,64.92478942871094,0.01148271734915133
108,2019-11-28,68.15142059326172,0.048502488777845854
109,2019-11-29,68.76185607910156,0.008917170717357254
110,2019-12-02,68.45662689208984,-0.004448813072780047
111,2019-12-03,68.67464447021484,0.0031796943125693973
112,2019-12-04,68.02061462402344,-0.009569239508803088
113,2019-12-05,68.02061462402344,0.0
114,2019-12-06,68.02061462402344,0.0
115,2019-12-09,67.14854431152344,-0.012903570895391925
116,2019-12-10,69.11067962646484,0.028802027462711707
117,2019-12-11,68.84906005859375,-0.003792698972544285
118,2019-12-12,68.23860931396484,-0.008906049426339208
119,2019-12-13,70.85479736328125,0.03762215175623934
120,2019-12-16,70.41876983642578,-0.006172830771167972
121,2019-12-17,68.58744049072266,-0.02635040987824372
122,2019-12-18,68.80545806884766,0.003173639444248828
123,2019-12-19,68.41302490234375,-0.0057198451393736215
124,2019-12-20,68.02061462402344,-0.005752413580138957
125,2019-12-23,67.19214630126953,-0.01225444528678837
126,2019-12-24,67.14854431152344,-0.0006491256086034822
127,2019-12-27,67.14854431152344,0.0
128,2019-12-30,66.14567565917969,-0.015047727892963152
129,2019-12-31,69.72112274169922,0.05264380742279273
130,2020-01-02,68.71825408935547,-0.014488452900598754
131,2020-01-03,68.45662689208984,-0.0038145105376051
132,2020-01-06,68.41302490234375,-0.000637131616094879
133,2020-01-07,69.1542739868164,0.01077663462529153
134,2020-01-08,67.8025894165039,-0.019739477473721335
135,2020-01-09,67.67178344726562,-0.0019310812387901737
136,2020-01-10,65.97126770019531,-0.025449995598544523
137,2020-01-13,65.40442657470703,-0.008629368562353515
138,2020-01-14,65.27362060546875,-0.002001958488794235
139,2020-01-15,63.660301208496094,-0.025026828950706546
140,2020-01-16,60.04126739501953,-0.05852903764169294
141,2020-01-17,60.95692825317383,0.01513540484111543
142,2020-01-20,61.044132232666016,0.0014295612512889193
143,2020-01-21,61.74178695678711,0.011363880101373468
144,2020-01-22,63.57310485839844,0.02922953940857528
145,2020-01-23,62.35222244262695,-0.019391185202427202
146,2020-01-24,63.660301208496094,0.02076183724176714
147,2020-01-27,61.91619491577149,-0.027779377587132933
148,2020-01-28,62.61383819580078,0.011204535342797734
149,2020-01-29,63.31149291992188,0.01108056426823697
150,2020-01-30,64.18354034423828,0.0136799215082373
151,2020-01-31,63.660301208496094,-0.008185643532139214
152,2020-02-03,63.31149291992188,-0.005494277976098145
153,2020-02-04,64.5323715209961,0.01910010656090251
154,2020-02-05,64.18354034423828,-0.005420185052665174
155,2020-02-06,64.92478942871094,0.01148271734915133
156,2020-02-07,65.5788345336914,0.010023485342697504
157,2020-02-10,64.09634399414062,-0.02286567325852082
158,2020-02-11,64.48876190185547,0.00610364821427982
159,2020-02-12,65.5788345336914,0.01676202504424104
160,2020-02-13,65.79683685302734,0.003318765447640408
161,2020-02-14,65.40442657470703,-0.0059818242321276974
162,2020-02-17,65.75326538085938,0.005319392610693916
163,2020-02-18,65.3608169555664,-0.005986383618090587
164,2020-02-19,65.05560302734375,-0.004680614380998747
165,2020-02-20,64.5323715209961,-0.008075353466300873
166,2020-02-21,63.96552658081055,-0.008822690884171862
167,2020-02-24,62.4830322265625,-0.023449255553529936
168,2020-02-25,61.044132232666016,-0.02329795369639133
169,2020-02-26,60.17206573486328,-0.014388861528063283
170,2020-02-27,57.99192810058594,-0.03690439010261821
171,2020-02-28,56.55302810668945,-0.0251250816316473
172,2020-03-02,55.50656127929688,-0.01867751353668141
173,2020-03-03,54.8961181640625,-0.01105859639192662
174,2020-03-04,55.8117790222168,0.01654230207678984
175,2020-03-05,54.285675048828125,-0.027724559818151497
176,2020-03-06,52.323543548583984,-0.03681394764955533
177,2020-03-09,47.96324920654297,-0.08701135710619111
178,2020-03-10,46.56795501708984,-0.029522432117220446
179,2020-03-11,43.60294723510742,-0.0657878988012485
180,2020-03-12,33.73124313354492,-0.2567002413847132
181,2020-03-13,31.30691909790039,-0.07458537326376483
182,2020-03-16,25.499008178710938,-0.20519957410197875
183,2020-03-17,28.969802856445312,0.1276144502093026
184,2020-03-18,24.243240356445312,-0.17811617632656976
185,2020-03-19,26.161771774291992,0.07616142233243854
186,2020-03-20,33.36497497558594,0.24320744366477434
187,2020-03-23,33.94053649902344,0.01710337062400014
188,2020-03-24,41.16119003295898,0.19288575595388718
189,2020-03-25,43.69015502929688,0.05962696843692966
190,2020-03-26,45.91390609741211,0.04964524491687391
191,2020-03-27,42.73089218139648,-0.0718459073206573
192,2020-03-30,33.5045051574707,-0.24324221684477573
193,2020-03-31,35.859066009521484,0.06791651026826474
194,2020-04-01,31.48133087158203,-0.13020172298047797
195,2020-04-02,34.01030731201172,0.07726893551980328
196,2020-04-03,33.923099517822266,-0.002567450865893332
197,2020-04-06,35.79801940917969,0.05379638406696787
198,2020-04-07,35.18758010864258,-0.017199385590821317
199,2020-04-08,33.661476135253906,-0.04433914043277982
200,2020-04-09,37.54214096069336,0.1091100188970323
201,2020-04-14,38.719425201416016,0.03087735630969714
202,2020-04-15,32.92023086547852,-0.16225402858453689
203,2020-04-16,34.40272903442383,0.04404850491984636
204,2020-04-17,35.92884063720703,0.04340443971215296
205,2020-04-20,32.39699935913086,-0.10347452720391019
206,2020-04-21,31.39412498474121,-0.0314450331253949
207,2020-04-22,33.79228973388672,0.07361188907328639
208,2020-04-23,31.2633113861084,-0.07778741224406219
209,2020-04-24,32.92023086547852,0.051642138868081534
210,2020-04-27,34.5771369934082,0.04910529440576445
211,2020-04-28,34.315521240234375,-0.007594917003938373
212,2020-04-29,34.8387565612793,0.015132695261912238
213,2020-04-30,35.0567741394043,0.006238404172645017
214,2020-05-01,36.19044876098633,0.03182637209126904
215,2020-05-04,33.83589172363281,-0.06727311323439938
216,2020-05-05,34.01030731201172,0.005141510507081092
217,2020-05-06,34.489933013916016,0.01400384984905399
218,2020-05-07,33.181846618652344,-0.03866454697405219
219,2020-05-11,34.664344787597656,0.0437086931651125
220,2020-05-12,34.88235855102539,0.00626958481412438
221,2020-05-13,35.40559768676758,0.014888718620387377
222,2020-05-14,34.14111328125,-0.03636760825661795
223,2020-05-15,34.01030731201172,-0.0038386912180082776
224,2020-05-18,31.699350357055664,-0.07036744770426812
225,2020-05-19,32.571407318115234,0.027138640179943215
226,2020-05-20,32.39699935913086,-0.005369021247919837
227,2020-05-21,31.96096420288086,-0.013550516642650466
228,2020-05-22,32.00456619262695,0.0013632966452287705
229,2020-05-26,31.21971321105957,-0.024828857159188977
230,2020-05-27,30.522066116333008,-0.02259982772791289
231,2020-05-28,31.13250541687012,0.019802562354747828
232,2020-05-29,29.650007247924805,-0.0487900937141051
233,2020-06-01,33.4870719909668,0.12169708373779996
234,2020-06-02,38.675811767578125,0.14405493207344405
235,2020-06-03,41.03037643432617,0.05909829531955439
236,2020-06-04,42.29486083984375,0.030352904499533834
237,2020-06-05,46.3935432434082,0.0924947097890283
238,2020-06-08,48.83530426025391,0.05129320394032699
239,2020-06-09,46.48074722290039,-0.049415310614169795
240,2020-06-10,47.87604141235352,0.029577011364051824
241,2020-06-11,45.60868835449219,-0.048516967541910455
242,2020-06-12,49.09692001342773,0.07369807152141206
243,2020-06-15,50.14339447021485,0.02109048630116895
244,2020-06-16,53.19560241699219,0.05908894131288095
245,2020-06-17,56.50942611694336,0.06043172656913524
246,2020-06-18,55.1141357421875,-0.025001227863916068
247,2020-06-19,59.125606536865234,0.07025787500966235
248,2020-06-22,58.427955627441406,-0.011869637762805026
249,2020-06-23,58.16634368896485,-0.004487567214595147
250,2020-06-24,55.8117790222168,-0.04132195963544675
251,2020-06-25,51.9747200012207,-0.07122749415059859
252,2020-06-26,53.02119064331055,0.019934210555046093
253,2020-06-29,54.50369644165039,0.027576866883940416
254,2020-06-30,54.50369644165039,0.0
255,2020-07-01,54.06766128540039,-0.008032274988517803
256,2020-07-02,56.81686019897461,0.04959686717132087
257,2020-07-03,57.27507019042969,0.008032337667907985
258,2020-07-06,57.45834732055664,0.0031948370404220636
259,2020-07-07,55.71718215942383,-0.030771714683869678
260,2020-07-08,55.25897979736328,-0.008257718733647062
261,2020-07-09,54.80078125,-0.00832640722105778
262,2020-07-10,55.99210357666016,0.02150622299379879
263,2020-07-13,58.28310012817383,0.04010150036789933
264,2020-07-14,58.28310012817383,0.0
265,2020-07-15,56.35866165161133,-0.033576233275173374
266,2020-07-16,57.00015258789063,0.011318004485769691
267,2020-07-17,56.26702880859375,-0.01294521516677962
268,2020-07-20,57.27507019042969,0.017756724192637578
269,2020-07-21,58.09982681274414,0.014297229168283028
270,2020-07-22,57.00015258789063,-0.019108738194141054
271,2020-07-23,58.6496696472168,0.028527997658592506
272,2020-07-24,54.43422317504883,-0.0745888839276974
273,2020-07-27,52.234859466552734,-0.041242980664267626
274,2020-07-28,51.31845474243164,-0.017699648825023322
275,2020-07-29,50.67697525024414,-0.012578758683496614
276,2020-07-30,49.0274543762207,-0.0330912357724627
277,2020-07-31,49.302371978759766,0.005591758453521553
278,2020-08-03,50.03549575805664,0.014760475668037622
279,2020-08-04,52.14321899414063,0.04126147539804693
280,2020-08-05,51.2268180847168,-0.01773095848464271
281,2020-08-06,51.68502426147461,0.008904887798588387
282,2020-08-07,49.577293395996094,-0.04163513895524617
283,2020-08-10,52.234859466552734,0.052217143402677114
284,2020-08-11,54.98406219482422,0.051293287084578205
285,2020-08-12,54.98406219482422,0.0
286,2020-08-13,54.89241790771485,-0.0016681333125187884
287,2020-08-14,55.62554168701172,0.013267246982266
288,2020-08-17,54.5258674621582,-0.019967257232378546
289,2020-08-18,53.33454132080078,-0.022091045325849164
290,2020-08-19,53.60946273803711,0.005141420040630785
291,2020-08-20,52.14321899414063,-0.027731451998105502
292,2020-08-21,53.15126037597656,0.019147673954979624
293,2020-08-24,52.32649612426758,-0.015638957233628178
294,2020-08-25,51.31845474243164,-0.019452431784997958
295,2020-08-26,51.77666091918945,0.008889057273430433
296,2020-08-27,51.59337615966797,-0.003546191077709969
297,2020-08-28,52.234859466552734,0.012356782629302726
298,2020-09-01,54.70914077758789,0.04628072504024136
299,2020-09-02,53.33454132080078,-0.02544662684414343
300,2020-09-03,53.517822265625,0.0034305488137118287
301,2020-09-04,52.784698486328125,-0.01379337757156559
302,2020-09-07,55.90046310424805,0.05735131732284843
303,2020-09-08,55.80882263183594,-0.0016406960686461889
304,2020-09-09,54.80078125,-0.01822751833136851
305,2020-09-10,55.07570266723633,0.0050042007379654235
306,2020-09-11,55.07570266723633,0.0
307,2020-09-14,55.90046310424805,0.014864013662049265
308,2020-09-15,55.90046310424805,0.0
309,2020-09-16,55.62554168701172,-0.004930186006766982
310,2020-09-17,55.350624084472656,-0.0049545443024849095
311,2020-09-18,60.5741081237793,0.0901796087607879
312,2020-09-21,56.81686019897461,-0.064034426921306
313,2020-09-22,55.99210357666016,-0.014622442936445747
314,2020-09-23,55.07570266723633,-0.016502022255833457
315,2020-09-24,51.13517761230469,-0.07423598332531567
316,2020-09-25,52.234859466552734,0.021277410226272404
317,2020-09-28,54.89241790771485,0.04962515377205961
318,2020-09-29,55.90046310424805,0.018197432989033
319,2020-09-30,53.517822265625,-0.04355793975128297
320,2020-10-01,53.517822265625,0.0
321,2020-10-02,53.79273986816406,0.005123786485273151
322,2020-10-05,57.36669921875,0.06432547061499723
323,2020-10-06,56.81686019897461,-0.009630865818757483
324,2020-10-07,57.7332649230957,0.01600040635523673
325,2020-10-08,57.6416244506836,-0.001588569092999782
326,2020-10-09,58.6496696472168,0.017336989038405526
327,2020-10-12,59.56606674194336,0.015504119492574839
328,2020-10-13,58.92458724975586,-0.010827617836102556
329,2020-10-14,59.56606674194336,0.010827617836102485
330,2020-10-15,59.84098815917969,0.004604784922481588
331,2020-10-16,60.02426910400391,0.00305811862164686
332,2020-10-19,59.74934387207031,-0.004590755976054862
333,2020-10-20,59.291141510009766,-0.007698299002881465
334,2020-10-21,59.291141510009766,0.0
335,2020-10-22,59.382789611816406,0.0015445366840025926
336,2020-10-23,58.74130630493164,-0.010861282925789093
337,2020-10-26,59.56606674194336,0.013942897676594117
338,2020-10-27,60.29919052124024,0.012232617488658636
339,2020-10-28,58.19146728515625,-0.03557994568295017
340,2020-10-29,57.54998397827149,-0.011084876997199932
341,2020-10-30,56.54194259643555,-0.017671147182344922
342,2020-11-02,56.26702880859375,-0.004873979944110518
343,2020-11-03,56.81686019897461,0.009724386524729595
344,2020-11-04,57.36669921875,0.009630865818757614
345,2020-11-05,59.10786819458008,0.02990006714238703
346,2020-11-06,60.48246765136719,0.022989483022211033
347,2020-11-09,62.04035186767578,0.0254314777654239
348,2020-11-10,67.72203063964844,0.08762653271592431
349,2020-11-11,72.67060089111328,0.07052537072465961
350,2020-11-12,70.65335083007812,-0.028151376760227057
351,2020-11-13,69.53778076171875,-0.01591532364690867
352,2020-11-16,70.56039428710938,0.014598786700477975
353,2020-11-17,72.6056137084961,0.028573242997744653
354,2020-11-18,72.0478286743164,-0.007712057031607611
355,2020-11-19,71.58300018310547,-0.006472567452353514
356,2020-11-20,72.51264953613281,0.012903404835907782
357,2020-11-23,73.62823486328125,0.015267555027192074
358,2020-11-24,75.58049774169922,0.02616970549775359
359,2020-11-25,76.51014709472656,0.012225090270683544
360,2020-11-26,76.41717529296875,-0.0012158953908347845
361,2020-11-27,75.4875259399414,-0.012240055140410221
362,2020-11-30,74.3719482421875,-0.014888592280094485
363,2020-12-01,80.69357299804688,0.08158010044971097
364,2020-12-02,78.46240234375,-0.028039372416204637
365,2020-12-03,85.1558837890625,0.08186394481000739
366,2020-12-04,89.33930969238281,0.04795808531701586
367,2020-12-07,86.92221069335938,-0.02742800042610394
368,2020-12-08,87.29408264160156,0.004269089944550163
369,2020-12-09,88.03779602050781,0.008483543837308956
370,2020-12-10,86.82925415039062,-0.013822628235385895
371,2020-12-11,84.13327026367188,-0.03154150190777216
372,2020-12-14,85.71367645263672,0.01861030572373087
373,2020-12-15,68.42219543457031,-0.22531513143403836
374,2020-12-16,74.09305572509766,0.079624546350601
375,2020-12-17,70.7463150024414,-0.04622136260381978
376,2020-12-18,71.67596435546875,0.013055015841516065
377,2020-12-21,67.21365356445312,-0.06427906130356005
378,2020-12-22,67.39958190917969,0.002762409837426058
379,2020-12-23,68.23626708984375,0.012337384246706851
380,2020-12-24,68.79405975341797,0.008141201400542714
381,2020-12-29,70.7463150024414,0.02798304997736841
382,2020-12-30,69.53778076171875,-0.017230237444059562
383,2020-12-31,70.281494140625,0.010638309967991458
384,2021-01-04,69.16590881347656,-0.016000428890649905
385,2021-01-05,72.14079284667969,0.042111571775213866
386,2021-01-06,74.6508560180664,0.03420232520250772
387,2021-01-07,74.09305572509766,-0.0075001780071838236
388,2021-01-08,72.69857025146484,-0.01900009507073952
389,2021-01-11,72.14079284667969,-0.007702052124584392
390,2021-01-12,71.02520751953125,-0.015584816286751655
391,2021-01-13,70.18852996826172,-0.011849942600948677
392,2021-01-14,74.83677673339844,0.06412452479380593
393,2021-01-15,73.16340637207031,-0.02261404869107595
394,2021-01-18,73.16340637207031,0.0
395,2021-01-19,70.83927917480469,-0.03228174555441846
396,2021-01-20,71.58300018310547,0.010443980701094773
397,2021-01-21,69.35185241699219,-0.03166476063001243
398,2021-01-22,71.76892852783203,0.03425877454606322
399,2021-01-25,69.35185241699219,-0.03425877454606326
400,2021-01-26,73.72119903564453,0.06109753986001606
401,2021-01-27,74.3719482421875,0.008788433590194026
402,2021-01-28,74.00009155273438,-0.005012500583623999
403,2021-01-29,73.90713500976562,-0.0012569575857512192
404,2021-02-01,76.51014709472656,0.034614000980714724
405,2021-02-02,75.95234680175781,-0.007317245934089068
406,2021-02-03,77.16090393066406,0.01578677512189827
407,2021-02-04,75.76642608642578,-0.01823763607809005
408,2021-02-05,73.44230651855469,-0.031155114245084888
409,2021-02-08,74.3719482421875,0.012578678324026166
410,2021-02-09,71.86190032958984,-0.03433260476328928
411,2021-02-10,73.07044219970703,0.016677711289169794
412,2021-02-11,72.23375701904297,-0.011516452139889327
413,2021-02-12,72.51264953613281,0.0038535376297189824
414,2021-02-15,74.3719482421875,0.025317807984289786
415,2021-02-16,74.3719482421875,0.0
416,2021-02-17,71.95487213134766,-0.033039684429753545
417,2021-02-18,71.67596435546875,-0.003883680319130053
418,2021-02-19,70.65335083007812,-0.014369929638666911
419,2021-02-22,70.7463150024414,0.0013149137971508742
420,2021-02-23,70.56039428710938,-0.002631450743581621
421,2021-02-24,71.1181869506836,0.007874098409131853
422,2021-02-25,72.884521484375,0.02453319309189354
423,2021-02-26,74.09305572509766,0.016445521846376113
424,2021-03-01,74.5578842163086,0.006253980047949737
425,2021-03-02,74.5578842163086,0.0
426,2021-03-03,73.62823486328125,-0.012547215018467657
427,2021-03-04,72.69857025146484,-0.012706860100221562
428,2021-03-05,72.41969299316406,-0.003843452855158694
429,2021-03-08,72.23375701904297,-0.002570779701530881
430,2021-03-09,74.3719482421875,0.029171345614008935
431,2021-03-10,75.58049774169922,0.016119452540655818
432,2021-03-11,73.81416320800781,-0.02364765694574938
433,2021-03-12,73.72119903564453,-0.0012602291851005131
434,2021-03-15,74.18601989746094,0.0062853239403568364
435,2021-03-16,76.41717529296875,0.02963175707034211
436,2021-03-17,78.0905532836914,0.021661614448259526
437,2021-03-18,80.8794937133789,0.03509122211193784
438,2021-03-19,81.43728637695312,0.006872916761479533
439,2021-03-22,78.27647399902344,-0.039586133661236846
440,2021-03-23,75.67346954345703,-0.033819467434417515
441,2021-03-24,75.30160522460938,-0.004926178330144449
442,2021-03-25,73.44230651855469,-0.025001299640409206
443,2021-03-26,74.74381256103516,0.017566281079423925
444,2021-03-29,73.44230651855469,-0.017566281079423946
445,2021-03-30,74.09305572509766,0.008821660337446469
446,2021-03-31,73.72119903564453,-0.005031415603614198
447,2021-04-01,75.34809112548828,0.021828193918211804
448,2021-04-06,76.46366119384766,0.014697019588093146
449,2021-04-07,77.06793975830078,0.007871756446531198
450,2021-04-08,78.7413101196289,0.02148055658095294
451,2021-04-09,76.9749755859375,-0.022687547287946377
452,2021-04-12,78.18351745605469,0.015578474474218295
453,2021-04-13,78.83427429199219,0.008289004127276376
454,2021-04-14,69.30535888671875,-0.12882562322446536
455,2021-04-15,70.18852996826172,0.012662674897718135
456,2021-04-16,69.72370147705078,-0.006644597067967074
457,2021-04-19,69.72370147705078,0.0
458,2021-04-20,66.37696838378906,-0.049190175226536244
459,2021-04-21,67.91089630126953,0.022846362786020844
460,2021-04-22,68.32923126220703,0.006141160951186862
461,2021-04-23,69.72370147705078,0.020202651489328476
462,2021-04-26,70.56039428710938,0.011928689803589918
463,2021-04-27,69.30535888671875,-0.017946767633340948
464,2021-04-28,69.25887298583984,-0.000670965399867887
465,2021-04-29,68.93350982666016,-0.0047088523079967266
466,2021-04-30,70.65335083007812,0.024643122287636255
467,2021-05-04,71.58300018310547,0.0130720815673527
468,2021-05-05,72.51264953613281,0.012903404835907782
469,2021-05-06,73.3493423461914,0.011472515578183719
470,2021-05-07,75.58049774169922,0.029964744946762
471,2021-05-10,72.51264953613281,-0.04143726052494575
472,2021-05-11,72.41969299316406,-0.0012827579281881666
473,2021-05-12,74.51140594482422,0.028473948523778395
474,2021-05-13,73.58175659179688,-0.012555090982114901
475,2021-05-14,74.74381256103516,0.015669311126212292
476,2021-05-17,73.39582061767578,-0.01819943955588358
477,2021-05-18,73.30284881591797,-0.001267520892510109
478,2021-05-19,73.11692810058594,-0.0025395587832440724
479,2021-05-20,73.44230651855469,0.004440238152213865
480,2021-05-21,72.69857025146484,-0.010178434733293133
481,2021-05-24,72.51264953613281,-0.002560694926970563
482,2021-05-25,71.25762939453125,-0.017459130364171245
483,2021-05-26,72.8380355834961,0.021936392932963848
484,2021-05-27,73.44230651855469,0.008261867091470976
485,2021-05-28,73.20988464355469,-0.0031697046972697734
486,2021-06-01,73.53526306152344,0.004434612745871669
487,2021-06-02,73.58175659179688,0.0006320619046098462
488,2021-06-03,74.04657745361328,0.0062971976328065
489,2021-06-04,73.53526306152344,-0.006929259537416363
490,2021-06-07,72.8380355834961,-0.009526775140072895
491,2021-06-08,71.6294937133789,-0.016731373049971243
492,2021-06-09,72.79155731201172,0.016093064967961996
493,2021-06-10,72.0478286743164,-0.010269791870337863
494,2021-06-11,71.58300018310547,-0.006472567452353514
495,2021-06-14,72.0013427734375,0.005827150307285572
496,2021-06-15,72.28024291992188,0.0038660580631069657
497,2021-06-16,73.20988464355469,0.01277962142850917
498,2021-06-17,74.51140594482422,0.017621765632596344
499,2021-06-18,74.6508560180664,0.0018697774093036652
500,2021-06-21,75.53401184082031,0.01176105176688175
501,2021-06-22,77.20738983154297,0.02191213288244431
502,2021-06-23,78.36944580078125,0.014938953810152296
503,2021-06-24,73.7802505493164,-0.0603430414059761
504,2021-06-25,75.10962677001953,0.017857648513617184
505,2021-06-28,74.16007995605469,-0.01272273716076949
506,2021-06-29,72.7832260131836,-0.018740482666175808
507,2021-06-30,73.16305541992188,0.005205069434589801
508,2021-07-01,74.72981262207031,0.021188524358513077
509,2021-07-02,75.25206756591797,0.006964268670547766
510,2021-07-05,78.43305969238281,0.0414021390136522
511,2021-07-06,78.3381118774414,-0.0012112919180206497
512,2021-07-07,80.04730224609375,0.021583511707844623
513,2021-07-08,79.47756958007812,-0.0071428998105835815
514,2021-07-09,80.47460174560547,0.012466790172710622
515,2021-07-12,81.18677520751953,0.008810738624735488
516,2021-07-13,78.9078369140625,-0.028471816907268174
517,2021-07-14,77.48350524902344,-0.018215471883500034
518,2021-07-15,77.29360961914062,-0.0024537959029213314
519,2021-07-16,77.43603515625,0.0018409604383319395
520,2021-07-19,74.20755767822266,-0.04258624225748312
521,2021-07-20,76.1066665649414,0.02526986323573395
522,2021-07-21,76.58143615722656,0.006218835834880106
523,2021-07-22,78.00576782226562,0.01842807083630905
524,2021-07-23,78.10072326660156,0.0012165471837164946
525,2021-07-26,78.29063415527344,0.0024286633884401396
526,2021-07-27,78.955322265625,0.008454170579820263
527,2021-07-28,78.3381118774414,-0.00784792524076627
528,2021-07-29,79.43009948730469,0.0138431568535356
529,2021-07-30,84.74759674072266,0.06480000565713279
530,2021-08-02,82.46866607666016,-0.027258972751863952
531,2021-08-03,84.65264129638672,0.02613789458359999
532,2021-08-04,84.89002990722656,0.002800342406857138
533,2021-08-05,84.27281188964844,-0.007297356204197427
534,2021-08-06,86.64669799804688,0.027779611233372623
535,2021-08-09,88.35589599609375,0.019534022988584823
536,2021-08-10,90.53986358642578,0.02441730426707199
537,2021-08-11,90.77725219726562,0.002618492418123398
538,2021-08-12,89.78022766113281,-0.01104395864116475
539,2021-08-13,88.8781509399414,-0.01009842800834572
540,2021-08-16,89.35292053222656,0.005327586389049168
541,2021-08-17,91.53690338134766,0.02414827911676927
542,2021-08-18,90.01761627197266,-0.01673681908307121
543,2021-08-19,89.35292053222656,-0.007411460033698095
544,2021-08-20,89.73274993896484,0.004241880160245272
545,2021-08-23,88.97310638427734,-0.008501659047823844
546,2021-08-24,87.7861557006836,-0.013430340348753862
547,2021-08-25,89.11553955078125,0.015029916740900836
548,2021-08-26,89.02058410644531,-0.001066099917075396
549,2021-08-27,88.68824005126953,-0.003740325717754219
550,2021-08-31,88.26093292236328,-0.004829725421686597
551,2021-09-01,88.97310638427734,0.008036574664369347
552,2021-09-02,88.78318786621094,-0.0021368423676101363
553,2021-09-03,88.92562866210938,0.0016030811434755642
554,2021-09-06,90.3499526977539,0.0158901061073502
555,2021-09-07,88.11851501464844,-0.025007823555186378
556,2021-09-08,88.92562866210938,0.009117717447836047
557,2021-09-09,89.68526458740234,0.008506093796057022
558,2021-09-10,89.30545043945312,-0.004243960006167596
559,2021-09-13,89.06806182861328,-0.002661704061023417
560,2021-09-14,90.39742279052734,0.014814940922288624
561,2021-09-15,89.73274993896484,-0.007379950379196378
562,2021-09-16,90.4923858642578,0.008429905411607057
563,2021-09-17,91.63185119628906,0.012513218653023088
564,2021-09-20,90.25499725341795,-0.01513996481376475
565,2021-09-21,94.24312591552734,0.04323892217593161
566,2021-09-22,93.24609375,-0.010635721518917804
567,2021-09-23,93.15113067626952,-0.0010189323605955228
568,2021-09-24,93.76834869384766,0.006604129895532067
569,2021-09-27,95.99979400634766,0.02351868059730345
570,2021-09-28,93.57843780517578,-0.02554605408226254
571,2021-09-29,92.3440170288086,-0.013279072897238862
572,2021-09-30,94.67041778564452,0.02488065448549087
573,2021-10-01,93.38851928710938,-0.013633155363006503
574,2021-10-04,92.15410614013672,-0.013306175411245345
575,2021-10-05,91.34697723388672,-0.008797050094560261
576,2021-10-06,89.73274993896484,-0.017829384677296608
577,2021-10-07,88.54580688476562,-0.01331579763055712
578,2021-10-08,91.15707397460938,0.029064096145022488
579,2021-10-11,89.87518310546875,-0.014162252798692801
580,2021-10-12,90.20752716064452,0.0036910198874234175
581,2021-10-13,89.68526458740234,-0.005806392079097172
582,2021-10-14,90.39742279052734,0.007909276855097826
583,2021-10-15,93.0561752319336,0.02898758751226895
584,2021-10-18,93.19861602783205,0.0015295265448417943
585,2021-10-19,91.5843734741211,-0.017472210228138958
586,2021-10-20,93.53095245361328,0.02103176193049695
587,2021-10-21,92.2965316772461,-0.013285859621967043
588,2021-10-22,93.72086334228516,0.015314261354457674
589,2021-10-25,93.76834869384766,0.0005065395716600715
590,2021-10-26,94.00572967529295,0.002528369303844372
591,2021-10-27,94.24312591552734,0.0025221546801368205
592,2021-10-28,104.45081329345705,0.10283838532533696
593,2021-10-29,104.07099151611328,-0.0036429974098429463
594,2021-11-01,104.45081329345705,0.0036429974098429194
595,2021-11-02,104.45081329345705,0.0
596,2021-11-03,104.45081329345705,0.0
597,2021-11-04,103.5012664794922,-0.009132425262945665
598,2021-11-05,115.08580017089844,0.10609408947283071
599,2021-11-08,116.32022094726562,0.010668974641051413
600,2021-11-09,118.8840103149414,0.021801401282373536
601,2021-11-10,124.86619567871094,0.04909441486408293
602,2021-11-11,124.07354736328124,-0.00636821573372082
603,2021-11-12,129.3553009033203,0.041688375203138214
604,2021-11-15,130.5076904296875,0.008869266644956873
605,2021-11-16,130.4116668701172,-0.00073604016887928
606,2021-11-17,130.5076904296875,0.000736040168879244
607,2021-11-18,127.24260711669922,-0.025336599093927475
608,2021-11-19,123.5933837890625,-0.029098542052030642
609,2021-11-22,124.64974975585938,0.00851078801707233
610,2021-11-23,124.74577331542967,0.0007700504253867036
611,2021-11-24,124.36164093017578,-0.0030840727153000824
612,2021-11-25,123.97752380371094,-0.0030934905752758655
613,2021-11-26,116.48700714111328,-0.062320549427560115
614,2021-11-29,121.7687759399414,0.04434422713782847
615,2021-11-30,119.84813690185548,-0.015898551728165757
616,2021-12-01,121.09654235839844,0.010362682687529799
617,2021-12-02,121.57671356201172,0.0039573526834752945
618,2021-12-03,118.31161499023438,-0.02722350221228801
619,2021-12-06,120.13622283935548,0.01530434059982787
620,2021-12-07,123.88148498535156,0.030699053053399334
621,2021-12-08,121.48068237304688,-0.019570084996599558
622,2021-12-09,120.61638641357422,-0.007140108186366389
623,2021-12-10,121.67273712158205,0.00871980868058911
624,2021-12-13,121.2886199951172,-0.0031619632937287126
625,2021-12-14,120.42433166503906,-0.0071513918275440316
626,2021-12-15,121.9608383178711,0.012678393109639132
627,2021-12-16,123.88148498535156,0.015625346514010454
628,2021-12-17,121.9608383178711,-0.01562534651401036
629,2021-12-20,121.57671356201172,-0.0031545449269290418
630,2021-12-21,122.15290069580078,0.004728093538616795
631,2021-12-22,124.07354736328124,0.015600969254255527
632,2021-12-23,123.88148498535156,-0.0015491713519329142
633,2021-12-24,122.9211654663086,-0.007782123602068298
634,2021-12-29,124.64974975585938,0.01396458367321061
635,2021-12-30,128.2029266357422,0.028106570504716762
636,2021-12-31,128.39498901367188,0.0014969912231046754
637,2022-01-04,135.50137329101562,0.053870411136402105
638,2022-01-05,135.30931091308594,-0.0014184256481276439
639,2022-01-06,131.56405639648438,-0.02806949571054619
640,2022-01-07,133.388671875,0.013773357498716046
641,2022-01-10,129.25927734375,-0.03144692229668275
642,2022-01-11,130.60372924804688,0.01034748206621551
643,2022-01-12,133.5807342529297,0.022538274843391538
644,2022-01-13,133.5807342529297,0.0
645,2022-01-14,137.32598876953125,0.027651533407400345
646,2022-01-17,138.5744171142578,0.009049909595668251
647,2022-01-18,139.8228302001953,0.008968633606276484
648,2022-01-19,139.72677612304688,-0.0006872059824510332
649,2022-01-20,138.09425354003906,-0.011752467949223917
650,2022-01-21,138.8625030517578,0.005547808196593483
651,2022-01-24,138.47837829589844,-0.002770056831257224
652,2022-01-25,141.93553161621094,0.024658751754675197
653,2022-01-26,143.08790588378906,0.008086216044966938
654,2022-01-27,138.5744171142578,-0.032051678839579996
655,2022-01-28,138.28631591796875,-0.002081200155209475
656,2022-01-31,146.44903564453125,0.0573511995152093
657,2022-02-02,153.6514434814453,0.04800919476640655
658,2022-02-03,150.57843017578125,-0.020202603956330036
659,2022-02-04,148.849853515625,-0.011545975829575377
660,2022-02-07,148.849853515625,0.0
661,2022-02-08,136.0775604248047,-0.08971308293438586
662,2022-02-09,133.5807342529297,-0.018518974409183722
663,2022-02-10,138.28631591796875,0.034620242847859195
664,2022-02-11,141.93553161621094,0.02604666294982252
665,2022-02-14,138.5744171142578,-0.02396546279461307
666,2022-02-15,144.04823303222656,0.0387407060914396
667,2022-02-16,145.10459899902344,0.007306659658702014
668,2022-02-17,145.39268493652344,0.0019833991425889643
669,2022-02-18,147.79348754882812,0.01637769104460649
670,2022-02-21,148.3696746826172,0.00389101640058194
671,2022-02-22,146.44903564453125,-0.01302947297791914
672,2022-02-23,143.4720458984375,-0.02053727425167611
673,2022-02-24,133.388671875,-0.07287300272431672
674,2022-02-25,138.76646423339844,0.03952519533099345
675,2022-02-28,136.4617156982422,-0.0167483025179801
676,2022-03-01,136.6537628173828,0.0014063439526533028
677,2022-03-02,141.83949279785156,0.03724563772113692
678,2022-03-03,133.4846954345703,-0.06070925555530675
679,2022-03-04,126.47434997558594,-0.05394730971282755
680,2022-03-07,122.82512664794922,-0.02927791143680163
681,2022-03-08,124.16958618164062,0.010886652568002681
682,2022-03-09,132.1402587890625,0.062215663298528165
683,2022-03-10,134.25296020507812,0.015861858044710686
684,2022-03-11,134.25296020507812,0.0
685,2022-03-14,136.74978637695312,0.01842709606733809
686,2022-03-15,137.32598876953125,0.00420470025987744
687,2022-03-16,136.6537628173828,-0.004907131254658016
688,2022-03-17,140.78314208984375,0.02977025891710363
689,2022-03-18,137.32598876953125,-0.024863127662445514
690,2022-03-21,145.9688720703125,0.06103581456125111
691,2022-03-22,143.85617065429688,-0.014579408451777418
692,2022-03-23,145.00856018066406,0.007978790879469231
693,2022-03-24,149.3300018310547,0.029365857924225715
694,2022-03-25,133.4846954345703,-0.11217180400199661
695,2022-03-28,133.96485900878906,0.003590689026315032
696,2022-03-29,135.4053497314453,0.010695350914330728
697,2022-03-30,133.96485900878906,-0.010695350914330612
698,2022-03-31,133.96485900878906,0.0
699,2022-04-01,135.885498046875,0.014235085635980043
700,2022-04-04,138.28631591796875,0.017513683866991717
701,2022-04-05,132.81246948242188,-0.040388159518970096
702,2022-04-06,133.2926483154297,0.0036089449023367017
703,2022-04-07,136.6537628173828,0.02490337392151655
704,2022-04-08,138.19027709960938,0.011181106857622806
705,2022-04-11,138.47837829589844,0.0020826450326411803
706,2022-04-12,141.93553161621094,0.024658751754675197
707,2022-04-13,143.2799835205078,0.009427690928361439
708,2022-04-14,142.60775756835938,-0.004702735335795694
709,2022-04-19,143.4720458984375,0.006042306721145026
710,2022-04-20,141.83949279785156,-0.011444128237513103
711,2022-04-21,140.78314208984375,-0.007475378804033317
712,2022-04-22,140.1109161376953,-0.004786340015363482
713,2022-04-25,138.28631591796875,-0.013108078206623337
714,2022-04-26,137.80613708496094,-0.0034783950950823483
715,2022-04-27,137.51805114746094,-0.0020927042007222742
716,2022-04-28,143.18394470214844,0.040374940676632214
717,2022-04-29,140.78314208984375,-0.016909423158840833
718,2022-05-03,140.2069549560547,-0.004101126320337097
719,2022-05-04,139.43869018554688,-0.005494572983356948
720,2022-05-05,142.12759399414062,0.019100195625494077
721,2022-05-06,140.2069549560547,-0.01360562264213713
722,2022-05-09,138.38235473632812,-0.013099040384195983
723,2022-05-10,134.6370849609375,-0.027437641344471887
724,2022-05-11,130.21961975097656,-0.033360491277660484
725,2022-05-12,129.1632537841797,-0.00814527029340104
726,2022-05-13,132.1402587890625,0.02278678758569473
727,2022-05-16,134.25296020507812,0.015861858044710686
728,2022-05-17,137.61407470703125,0.024727424292732093
729,2022-05-18,137.32598876953125,-0.002095627965516601
730,2022-05-19,137.9021759033203,0.0041869841062756276
731,2022-05-20,139.2466278076172,0.009702098168656104
732,2022-05-23,142.89584350585938,0.025869336087089138
733,2022-05-24,146.54507446289062,0.02521705886949889
734,2022-05-25,148.849853515625,0.015605046704649423
735,2022-05-26,153.93955993652344,0.03362195407929732
736,2022-05-27,153.55540466308594,-0.0024986130995453843
737,2022-05-30,145.77682495117188,-0.05198458834539587
738,2022-05-31,148.46571350097656,0.018277190080946512
739,2022-06-01,147.79348754882812,-0.004538101118466609
740,2022-06-06,150.38636779785156,0.017391822814960167
741,2022-06-07,150.38636779785156,0.0
742,2022-06-08,138.28631591796875,-0.08388147890750661
743,2022-06-09,140.1109161376953,0.013108078206623285
744,2022-06-10,138.5744171142578,-0.011026878051413776
745,2022-06-13,134.8291473388672,-0.027399087359401997
746,2022-06-14,136.55772399902344,0.012739010019401423
747,2022-06-15,131.27597045898438,-0.03944565961177209
748,2022-06-16,127.6267318725586,-0.028191905658693506
749,2022-06-17,128.58705139160156,0.007496271307711735
750,2022-06-20,131.17994689941406,0.019963903363002643
751,2022-06-21,130.89183044433594,-0.002198760767560925
752,2022-06-22,131.94818115234375,0.00803801817789974
753,2022-06-23,133.1262969970703,0.008889000633162936
754,2022-06-24,135.18798828125,0.015368036471173139
755,2022-06-27,135.28616333007812,0.0007259477665779202
756,2022-06-28,136.46426391601562,0.008670514180624546
757,2022-06-29,135.38433837890625,-0.007945093031932493
758,2022-06-30,132.7335968017578,-0.019773596598216286
759,2022-07-01,134.7952880859375,0.015413155109721504
760,2022-07-04,137.2496795654297,0.018044502693630813
761,2022-07-05,132.24270629882812,-0.03716282735078526
762,2022-07-06,136.26792907714844,0.02998409608523835
763,2022-07-07,141.7657470703125,0.03955301243763688
764,2022-07-08,145.00555419921875,0.02259601962826486
765,2022-07-11,146.67454528808594,0.011444108165595459
766,2022-07-12,146.77272033691406,0.0006691154697379071
767,2022-07-13,147.45994567871094,0.004671314037116217
768,2022-07-14,146.87091064453125,-0.004002542091007909
769,2022-07-15,153.64501953125,0.045090831585329706
770,2022-07-18,156.6884765625,0.019614734772020092
771,2022-07-19,160.4191436767578,0.023530429468585558
772,2022-07-20,161.6954345703125,0.007924494318107102
773,2022-07-21,162.38265991210938,0.004241115851975644
774,2022-07-22,161.6954345703125,-0.004241115851975689
775,2022-07-25,165.5242919921875,0.02340343122041634
776,2022-07-26,167.1932830810547,0.010032563428385004
777,2022-07-27,167.78231811523438,0.0035168868371243467
778,2022-07-28,155.4121856689453,-0.07658656400323079
779,2022-07-29,155.903076171875,0.0031536578507283543
780,2022-08-01,156.88482666015625,0.0062774404209133055
781,2022-08-02,156.39395141601562,-0.003133794436264618
782,2022-08-03,151.38697814941406,-0.03253882582955445
783,2022-08-04,146.38002014160156,-0.033633209952048666
784,2022-08-05,150.20887756347656,0.025820724762201316
785,2022-08-08,149.32530212402344,-0.005899680652145173
786,2022-08-09,151.38697814941406,0.013712165841992412
787,2022-08-10,150.60157775878906,-0.005201535926265051
788,2022-08-11,143.23838806152344,-0.05012750014018315
789,2022-08-12,141.66758728027344,-0.011026912972533914
790,2022-08-15,140.88217163085938,-0.005559499858794728
791,2022-08-16,143.23838806152344,0.016586412831328737
792,2022-08-17,143.5329132080078,0.0020540775784495765
793,2022-08-18,141.66758728027344,-0.013080990550983482
794,2022-08-19,138.8204803466797,-0.020301788566371125
795,2022-08-22,138.52597045898438,-0.002123769729420991
796,2022-08-23,134.6970977783203,-0.028029283022148955
797,2022-08-24,134.30441284179688,-0.0029195762845563343
798,2022-08-25,133.9116973876953,-0.0029283530687374106
799,2022-08-26,133.0281219482422,-0.006620058922293623
800,2022-08-30,132.24270629882812,-0.0059216307326312775
801,2022-08-31,129.88650512695312,-0.017977886706593598
802,2022-09-01,128.9047393798828,-0.007587354501038158
803,2022-09-02,129.2974395751953,0.003041806228690051
804,2022-09-05,130.08285522460938,0.00605611193821038
805,2022-09-06,130.77008056640625,0.0052690756933546825
806,2022-09-07,131.65367126464844,0.006734101095440566
807,2022-09-08,134.59893798828125,0.022124754941774617
808,2022-09-09,137.05332946777344,0.01807058922396521
809,2022-09-12,141.37306213378906,0.031032110794043492
810,2022-09-13,141.07852172851562,-0.002085600002733348
811,2022-09-14,136.5624542236328,-0.03253457697780198
812,2022-09-15,136.46426391601562,-0.0007192725497305681
813,2022-09-16,133.32264709472656,-0.023290669097207072
814,2022-09-20,132.53724670410156,-0.005908395314578774
815,2022-09-21,136.3660888671875,0.028479386032426706
816,2022-09-22,134.40257263183594,-0.014503529644470846
817,2022-09-23,134.10806274414062,-0.002193656168475505
818,2022-09-26,136.16973876953125,0.015256273377093711
819,2022-09-27,138.52597045898438,0.017155633667997855
820,2022-09-28,129.00291442871094,-0.07122282381129577
821,2022-09-29,126.25399780273438,-0.021539263158741367
822,2022-09-30,126.84304809570312,0.004654746991933699
823,2022-10-03,130.86825561523438,0.031240654426635567
824,2022-10-04,135.67886352539062,0.036099661032076534
825,2022-10-05,130.9664306640625,-0.035349759979439434
826,2022-10-06,129.00291442871094,-0.015106039312465139
827,2022-10-07,126.54851531982422,-0.01920924161982021
828,2022-10-10,127.03939056396484,0.0038714453320360625
829,2022-10-11,124.87953186035156,-0.01714767280511387
830,2022-10-12,121.54156494140624,-0.027093224922688987
831,2022-10-13,123.11237335205078,0.01284124021656136
832,2022-10-14,123.40689849853516,0.002389470684443622
833,2022-10-17,125.3704071044922,0.01578559888430418
834,2022-10-18,123.30872344970705,-0.016581454884299157
835,2022-10-19,123.89777374267578,0.00476566283258545
836,2022-10-20,123.50507354736328,-0.0031745837157176123
837,2022-10-21,121.54156494140624,-0.016025934017878076
838,2022-10-24,122.71966552734376,0.0096463095594602
839,2022-10-25,124.78135681152344,0.016660448132332098
840,2022-10-26,124.68318176269533,-0.0007870862484708054
841,2022-10-27,105.83344268798828,-0.16390941106839488
842,2022-10-28,112.0185089111328,0.05679755284015447
843,2022-10-31,111.03675079345705,-0.008802881032523427
844,2022-11-01,113.88385009765624,0.025317835468503164
845,2022-11-02,115.94554138183594,0.01794153981161481
846,2022-11-03,115.94554138183594,0.0
847,2022-11-04,118.79264068603516,0.024258847898316487
848,2022-11-07,118.49810791015624,-0.0024824644776873747
849,2022-11-08,118.39993286132812,-0.000828838044660023
850,2022-11-09,117.31999969482422,-0.009162913892126253
851,2022-11-10,119.9000015258789,0.021752833251706495
852,2022-11-11,120.0,0.0008336680223147271
853,2022-11-14,119.0,-0.00836824967051658
854,2022-11-15,117.0,-0.01694955831377332
855,2022-11-16,116.1999969482422,-0.006861116642921485
856,2022-11-17,116.3000030517578,0.0008602676101775457
857,2022-11-18,119.0,0.022950407346517196
858,2022-11-21,119.8000030517578,0.006700218043590436
859,2022-11-22,115.5999984741211,-0.035687768116487405
860,2022-11-23,117.3000030517578,0.014598838637487458
861,2022-11-24,120.5999984741211,0.02774448996456938
862,2022-11-25,122.3000030517578,0.013997796005485067
863,2022-11-28,120.8000030517578,-0.012340756882564618
864,2022-11-29,124.1999969482422,0.027756834164449358
865,2022-11-30,123.3000030517578,-0.007272710007089458
866,2022-12-01,123.5,0.0016207211470620469
867,2022-12-02,121.8000030517578,-0.013860775736752777
868,2022-12-05,122.4000015258789,0.004914002213277384
869,2022-12-06,121.3000030517578,-0.009027541435790664
870,2022-12-07,121.1999969482422,-0.0008247926530719405
871,2022-12-08,116.8000030517578,-0.03697895193350431
872,2022-12-09,118.0,0.010221527943475016
873,2022-12-12,117.0999984741211,-0.007656366892556011
874,2022-12-13,117.4000015258789,0.0025586628181521356
875,2022-12-14,113.9000015258789,-0.030266036541470486
876,2022-12-15,111.0,-0.025790682537456387
877,2022-12-16,109.9000015258789,-0.009959326018510099
878,2022-12-19,113.0,0.02781694341851657
879,2022-12-20,110.5,-0.0223722977545331
880,2022-12-21,112.5999984741211,0.01882618119646006
881,2022-12-22,111.4000015258789,-0.010714360963786715
882,2022-12-23,112.8000030517578,0.012489024928067784
883,2022-12-28,111.0,-0.01608616480621439
884,2022-12-29,113.9000015258789,0.025790682537456432
885,2022-12-30,111.8000030517578,-0.018609295832210705
